{
  "xgboost": {
    "alpha": 0.05,
    "margin": 5166.578375000009,
    "mae": 2335.6379153306616,
    "rmse": 3843.56746785759,
    "coverage": 0.9208416833667334
  },
  "lightgbm": {
    "alpha": 0.05,
    "margin": 5156.644626587116,
    "mae": 2374.4122228715682,
    "rmse": 3830.226116594308,
    "coverage": 0.9096192384769539
  },
  "random_forest": {
    "alpha": 0.05,
    "margin": 5840.52610299058,
    "mae": 2690.6777594482196,
    "rmse": 4119.959263823517,
    "coverage": 0.9044088176352706
  },
  "prophet": {
    "alpha": 0.05,
    "margin": 88033.31085088718,
    "mae": 73681.35878059952,
    "rmse": 76391.33052929514,
    "coverage": 0.7773547094188377
  },
  "ensemble": {
    "alpha": 0.05,
    "margin": 23102.828683645344,
    "mae": 18403.03116063251,
    "rmse": 19390.19566814445,
    "coverage": 0.8114228456913828
  }
}